{"stats":{"minecraft:custom":{"minecraft:time_since_rest":81735,"minecraft:sprint_one_cm":77414,"minecraft:walk_one_cm":39260,"minecraft:mob_kills":33,"minecraft:drop":50,"minecraft:damage_dealt":3977,"minecraft:swim_one_cm":4395,"minecraft:fly_one_cm":788860,"minecraft:crouch_one_cm":197,"minecraft:play_time":81735,"minecraft:sneak_time":348,"minecraft:walk_under_water_one_cm":18352,"minecraft:jump":882,"minecraft:leave_game":1,"minecraft:time_since_death":81735,"minecraft:walk_on_water_one_cm":6270,"minecraft:total_world_time":81735,"minecraft:fall_one_cm":8884},"minecraft:mined":{"minecraft:grass":7,"minecraft:grass_block":6,"minecraft:tall_grass":2},"minecraft:killed":{"minecraft:horse":1,"minecraft:skeleton":1,"minecraft:zombie":6,"minecraft:pig":2,"minecraft:chicken":3,"minecraft:zombie_villager":1,"minecraft:salmon":7,"minecraft:spider":1,"minecraft:creeper":2,"minecraft:cow":9},"minecraft:used":{"minecraft:redstone_torch":16,"minecraft:netherite_sword":69,"minecraft:calibrated_sculk_sensor":3,"minecraft:tnt":494,"minecraft:egg":41},"minecraft:dropped":{"minecraft:dirt":98,"minecraft:hay_block":2,"minecraft:kelp":1,"minecraft:porkchop":3,"minecraft:wheat_seeds":10,"minecraft:gunpowder":2,"minecraft:tnt":2,"minecraft:feather":3,"minecraft:chicken":3,"minecraft:rotten_flesh":6,"minecraft:cobblestone":10,"minecraft:redstone_torch":1,"minecraft:leather":15,"minecraft:sand":10,"minecraft:arrow":1,"minecraft:beef":17,"minecraft:acacia_door":1,"minecraft:salmon":4,"minecraft:acacia_planks":1,"minecraft:bone":1,"minecraft:egg":4},"minecraft:picked_up":{"minecraft:feather":3,"minecraft:chicken":3,"minecraft:salmon":4,"minecraft:leather":16,"minecraft:porkchop":3,"minecraft:sand":10,"minecraft:gunpowder":2,"minecraft:dirt":98,"minecraft:acacia_door":1,"minecraft:tnt":1,"minecraft:bone":1,"minecraft:arrow":1,"minecraft:acacia_planks":1,"minecraft:rotten_flesh":6,"minecraft:kelp":1,"minecraft:wheat_seeds":10,"minecraft:hay_block":2,"minecraft:beef":19,"minecraft:cobblestone":10,"minecraft:egg":4}},"DataVersion":3465}