{"stats":{"minecraft:dropped":{"minecraft:dirt":6,"minecraft:wheat_seeds":7},"minecraft:mined":{"minecraft:grass":7,"minecraft:tall_grass":2,"minecraft:grass_block":6},"minecraft:custom":{"minecraft:jump":330,"minecraft:time_since_rest":11012,"minecraft:sprint_one_cm":28979,"minecraft:play_time":11012,"minecraft:time_since_death":11012,"minecraft:walk_one_cm":11802,"minecraft:sneak_time":45,"minecraft:total_world_time":11012,"minecraft:drop":4,"minecraft:fall_one_cm":8884,"minecraft:fly_one_cm":300601},"minecraft:picked_up":{"minecraft:wheat_seeds":7,"minecraft:dirt":6}},"DataVersion":3465}