{"stats":{"minecraft:dropped":{"minecraft:cobblestone":10,"minecraft:redstone_torch":1,"minecraft:dirt":98,"minecraft:hay_block":2,"minecraft:sand":10,"minecraft:wheat_seeds":9,"minecraft:acacia_door":1,"minecraft:tnt":2,"minecraft:acacia_planks":1},"minecraft:mined":{"minecraft:grass":7,"minecraft:grass_block":6,"minecraft:tall_grass":2},"minecraft:custom":{"minecraft:time_since_rest":23012,"minecraft:play_time":23012,"minecraft:crouch_one_cm":197,"minecraft:sprint_one_cm":36362,"minecraft:walk_one_cm":24886,"minecraft:sneak_time":224,"minecraft:drop":28,"minecraft:jump":449,"minecraft:time_since_death":23012,"minecraft:walk_on_water_one_cm":1516,"minecraft:total_world_time":23012,"minecraft:fall_one_cm":8884,"minecraft:fly_one_cm":540056},"minecraft:used":{"minecraft:redstone_torch":16,"minecraft:tnt":494},"minecraft:picked_up":{"minecraft:tnt":1,"minecraft:acacia_planks":1,"minecraft:wheat_seeds":9,"minecraft:hay_block":2,"minecraft:sand":10,"minecraft:dirt":98,"minecraft:cobblestone":10,"minecraft:acacia_door":1}},"DataVersion":3465}