{"stats":{"minecraft:custom":{"minecraft:time_since_rest":51735,"minecraft:sprint_one_cm":61227,"minecraft:walk_one_cm":35658,"minecraft:mob_kills":26,"minecraft:drop":42,"minecraft:damage_dealt":3314,"minecraft:swim_one_cm":4395,"minecraft:fly_one_cm":672850,"minecraft:crouch_one_cm":197,"minecraft:play_time":51735,"minecraft:sneak_time":342,"minecraft:walk_under_water_one_cm":18234,"minecraft:jump":672,"minecraft:leave_game":1,"minecraft:time_since_death":51735,"minecraft:walk_on_water_one_cm":5672,"minecraft:total_world_time":51735,"minecraft:fall_one_cm":8884},"minecraft:mined":{"minecraft:grass":7,"minecraft:grass_block":6,"minecraft:tall_grass":2},"minecraft:killed":{"minecraft:skeleton":1,"minecraft:zombie":6,"minecraft:pig":1,"minecraft:zombie_villager":1,"minecraft:salmon":7,"minecraft:spider":1,"minecraft:creeper":2,"minecraft:cow":7},"minecraft:used":{"minecraft:redstone_torch":16,"minecraft:netherite_sword":56,"minecraft:calibrated_sculk_sensor":3,"minecraft:tnt":494},"minecraft:dropped":{"minecraft:dirt":98,"minecraft:hay_block":2,"minecraft:kelp":1,"minecraft:porkchop":2,"minecraft:wheat_seeds":9,"minecraft:gunpowder":2,"minecraft:tnt":2,"minecraft:rotten_flesh":6,"minecraft:cobblestone":10,"minecraft:redstone_torch":1,"minecraft:leather":12,"minecraft:sand":10,"minecraft:arrow":1,"minecraft:beef":14,"minecraft:acacia_door":1,"minecraft:salmon":4,"minecraft:acacia_planks":1,"minecraft:bone":1},"minecraft:picked_up":{"minecraft:salmon":4,"minecraft:leather":12,"minecraft:porkchop":2,"minecraft:sand":10,"minecraft:gunpowder":2,"minecraft:dirt":98,"minecraft:acacia_door":1,"minecraft:tnt":1,"minecraft:bone":1,"minecraft:arrow":1,"minecraft:acacia_planks":1,"minecraft:rotten_flesh":6,"minecraft:kelp":1,"minecraft:wheat_seeds":9,"minecraft:hay_block":2,"minecraft:beef":14,"minecraft:cobblestone":10}},"DataVersion":3465}